<?xml version="1.0" encoding="UTF-8" ?>
<!DOCTYPE mapper
        PUBLIC "-//mybatis.org//DTD Mapper 3.0//EN"
        "http://mybatis.org/dtd/mybatis-3-mapper.dtd">

<mapper namespace="com.example.realestatetracker.mapper.UserMapper">

    <resultMap id="UserResultMap" type="com.example.realestatetracker.entity.User">
        <id column="id" property="id"/>
        <result column="username" property="username"/>
        <result column="password" property="password"/>
        <result column="role" property="role"/>
        <result column="status" property="status"/>
        <result column="create_time" property="createTime"/>
        <result column="update_time" property="updateTime"/>
    </resultMap>

    <select id="selectByUsername" resultMap="UserResultMap">
        SELECT *
        FROM t_user
        WHERE username = #{username}
            LIMIT 1
    </select>
</mapper>
